<?xml version="1.0" encoding="UTF-8"?>

<beans xmlns="http://www.springframework.org/schema/beans"
	xmlns:xsi="http://www.w3.org/2001/XMLSchema-instance" xmlns:aop="http://www.springframework.org/schema/aop"
	xmlns:simple="http://cxf.apache.org/simple" xmlns:jaxrs="http://cxf.apache.org/jaxrs"
	xsi:schemaLocation="http://www.springframework.org/schema/beans
        http://www.springframework.org/schema/beans/spring-beans-2.5.xsd
        http://www.springframework.org/schema/aop 
        http://www.springframework.org/schema/aop/spring-aop-2.5.xsd
        http://cxf.apache.org/simple http://cxf.apache.org/schemas/simple.xsd
        http://cxf.apache.org/jaxrs http://cxf.apache.org/schemas/jaxrs.xsd">
       
   <!--   <bean id="dataSource" class="org.apache.commons.dbcp2.BasicDataSource" destroy-method="close">
    	<property name="driverClassName" value="org.postgresql.Driver" />
    	<property name="url" value="jdbc:postgresql://localhost:5432/leavesystem" />
    	<property name="username" value="nirmalganesh11" />
   		<property name="password" value="celkonganesh" />

    	 Connection Pool Settings 
    	<property name="initialSize" value="5" />
    	<property name="maxTotal" value="20" />
    	<property name="maxIdle" value="10" />
    	<property name="minIdle" value="5" />
    	<property name="validationQuery" value="SELECT 1" />
    	<property name="testOnBorrow" value="true" />
	</bean> -->
	
	<bean id="dataSource" class="com.mchange.v2.c3p0.ComboPooledDataSource" destroy-method="close">
	    <property name="driverClass" value="org.postgresql.Driver" />
	    <property name="jdbcUrl" value="jdbc:postgresql://localhost:5432/leavesystem" />
	    <property name="user" value="nirmalganesh11" />
	    <property name="password" value="celkonganesh" />
	   
	
	    <!-- Connection Pool Settings -->
	    <property name="initialPoolSize" value="5" />
	    <property name="maxPoolSize" value="20" />
	    <property name="maxIdleTime" value="10" />
	    <property name="minPoolSize" value="5" />
	    <property name="preferredTestQuery" value="SELECT 1" />
	    <property name="testConnectionOnCheckout" value="true" />
	</bean>

	<bean id="sessionFactory"
		class="org.springframework.orm.hibernate5.LocalSessionFactoryBean">
		<property name="dataSource" ref="dataSource"></property>
		<property name="packagesToScan" value="lms.shared" /> 
		
		<property name="mappingDirectoryLocations">
			<list>
				<value>classpath:main/resources/hbm</value>
			</list>
		</property>
		
		<property name="hibernateProperties">
				<props>
					
					<prop key="hibernate.dialect">org.hibernate.dialect.PostgreSQLDialect</prop>
					<prop key="hibernate.hbm2ddl.auto">update</prop>
					<prop key="hibernate.show_sql">true</prop>
					<prop key="hibernate.type_contributors">lms.shared.utility.EnumUserType</prop>
				</props>
		</property> 
	</bean>
		
	<bean id="transactionManager"
		class="org.springframework.orm.hibernate5.HibernateTransactionManager">
		<property name="sessionFactory" ref="sessionFactory" />
	</bean>
    
    <bean id="templateDao" class ="lms.server.framework.dao.TemplateRootDaoImpl">
    	<property name="sessionFactory" ref="sessionFactory"></property>
    </bean>
    
   	<bean id="userDao" class="lms.server.dao.UserDaoImpl">
		  <constructor-arg ref="sessionFactory" />
	</bean>
	
	<bean id="companyDao" class="lms.server.dao.CompanyDaoImpl">
		  <constructor-arg ref="sessionFactory" />
	</bean>
	
	<bean id="departmentDao" class="lms.server.dao.DepartmentDaoImpl">
		  <constructor-arg ref="sessionFactory" />
	</bean>
	
	<bean id="employeeDao" class="lms.server.dao.EmployeeDaoImpl">
		  <constructor-arg ref="sessionFactory" />
	</bean>
	
	<bean id="roleDao" class="lms.server.dao.RoleDaoImpl">
		  <constructor-arg ref="sessionFactory" />
	</bean>
	
	<bean id="permissionDao" class="lms.server.dao.PermissionDaoImpl">
		  <constructor-arg ref="sessionFactory" />
	</bean>
	<bean id="holidayDao" class="lms.server.dao.HolidayDaoImpl">
		  <constructor-arg ref="sessionFactory" />
	</bean>
	
	<bean id="leaveTypeDao" class="lms.server.dao.LeaveTypeDaoImpl">
		  <constructor-arg ref="sessionFactory" />
	</bean>
	
	<bean id="leaveRequestDao" class="lms.server.dao.LeaveRequestDaoImpl">
		  <constructor-arg ref="sessionFactory" />
	</bean>
	
	
	<bean id="applicationContextListener" class="lms.server.framework.dao.ApplicationContextListener" />
	
	
  </beans>
        