<?xml version="1.0"?>
<!DOCTYPE hibernate-mapping PUBLIC "-//Hibernate/Hibernate Mapping DTD 3.0//EN"
        "http://hibernate.sourceforge.net/hibernate-mapping-3.0.dtd">
<hibernate-mapping>
    <class name="lms.shared.heirarchy.Company" table="COMPANY">
        <id name="companyId" type="int">
            <column name="company_id"/>
            <generator class="native"/>
        </id>
        <property name="companyName" type="string">
            <column name="company_name"/>
        </property>
        
        <property name="companyDescription" type="string">
            <column name="company_description"/>
        </property>
        
    </class>
</hibernate-mapping>