<?xml version="1.0" encoding="UTF-8"?>
<!DOCTYPE hibernate-mapping PUBLIC "-//Hibernate/Hibernate Mapping DTD 3.0//EN"
"http://hibernate.sourceforge.net/hibernate-mapping-3.0.dtd">
<hibernate-mapping>
    <class name="lms.shared.heirarchy.Department" table="DEPARTMENT">
    
        <id name="departmentId" type="int">
            <column name="department_id" />
            <generator class="increment" />
        </id>
        
        <property name="departmentName" type="string">
            <column name="department_name" />
        </property>
        <property name="departmentDescription" type="string">
            <column name="department_description"  />
        </property>
        <many-to-one name="company" class="lms.shared.heirarchy.Company" column="company_id" cascade="all" />
    </class>
</hibernate-mapping>
