<?xml version="1.0"?>
<!DOCTYPE hibernate-mapping PUBLIC "-//Hibernate/Hibernate Mapping DTD 3.0//EN"
"http://hibernate.sourceforge.net/hibernate-mapping-3.0.dtd">

<hibernate-mapping>
    <class name="lms.shared.utility.Holiday" table="HOLIDAY">
        <id name="holidayId" type="int">
            <column name="holiday_id" />
            <generator class="native" />
        </id>
        <property name="holidayDate" type="date">
            <column name="holiday_date" />
        </property>
        <property name="holidayName" type="string">
            <column name="holiday_name" length="255" />
        </property>
    </class>
</hibernate-mapping>
