<?xml version="1.0"?>
<!DOCTYPE hibernate-mapping PUBLIC "-//Hibernate/Hibernate Mapping DTD 3.0//EN"
        "http://hibernate.sourceforge.net/hibernate-mapping-3.0.dtd">
<hibernate-mapping>
    <class name="lms.shared.security.Permission" table="PERMISSION">
        <id name="permissionId" type="int">
            <column name="permission_id"/>
            <generator class="native"/>
        </id>
        <property name="permissionName" type="string">
            <column name="permission_name"/>
        </property>
  
    </class>
</hibernate-mapping>
