<?xml version="1.0"?>
<!DOCTYPE hibernate-mapping PUBLIC "-//Hibernate/Hibernate Mapping DTD 3.0//EN"
        "http://hibernate.sourceforge.net/hibernate-mapping-3.0.dtd">
<hibernate-mapping>
    <class name="lms.shared.security.Role" table="ROLE">
        <id name="roleId" type="int">
            <column name="role_id"/>
            <generator class="native"/>
        </id>
        <property name="roleName" type="string">
            <column name="role_name"/>
        </property>
        <!-- Map the permissions collection -->
        <list name="permissions" cascade="all-delete-orphan">
            <key column="role_id"/>
            <index column="permission_index"/>
            <one-to-many class="lms.shared.security.Permission"/>
        </list>
    </class>
</hibernate-mapping>

