<?xml version="1.0"?>
<!DOCTYPE hibernate-mapping PUBLIC "-//Hibernate/Hibernate Mapping DTD 3.0//EN"
        "http://hibernate.sourceforge.net/hibernate-mapping-3.0.dtd">
<hibernate-mapping>

    <class name="lms.shared.User" table="USER_TABLE">
        <id name="userId" type="int">
            <column name="user_id"/>
            <generator class="native"/>
        </id>
        
        <property name="username" type="string">
            <column name="username"/>
        </property>
        
        <property name="password" type="string">
            <column name="password"/>
        </property>
        
        <many-to-one name="role" class="lms.shared.security.Role" column="role_id" cascade="all"/>
        
    </class>
</hibernate-mapping>
